esi,model,n,n_pos,roc_auc,roc_ci_lo,roc_ci_hi,pr_auc,pr_ci_lo,pr_ci_hi,policy_pct,ppv,ppv_ci,enrichment,enrichment_ci,recall,burden_pct
3,LightGBM,31460,4244,0.7462887310936192,0.7384819948917158,0.7541195770345351,0.36360884304690944,0.3489135474761704,0.3797388096871279,10,0.4196,"(0.403, 0.436)",3.1103,"(2.988, 3.233)",0.311,10.0
3,LogReg L2,31460,4244,0.7255062560625269,0.716932704889273,0.7339063944415559,0.32063842859025693,0.30688419895700403,0.3354331234550826,10,0.3824,"(0.364, 0.401)",2.8346,"(2.698, 2.97)",0.2835,10.0
4,LightGBM,20182,502,0.7454523272558344,0.7221608984046944,0.7668236285346288,0.11361001597797767,0.09131800085880126,0.13931243278092745,5,0.1436,"(0.122, 0.165)",5.7717,"(4.913, 6.631)",0.2888,5.0
4,LogReg L2,20182,502,0.7426250484920286,0.7192611022140417,0.7649608530633433,0.09056705161399017,0.07464494360852664,0.10929625614039319,5,0.1257,"(0.104, 0.146)",5.0553,"(4.198, 5.866)",0.253,5.0
5,LightGBM,3102,109,0.7411992432431578,0.6925163240960004,0.7911154754363551,0.16070425231008562,0.10037486617323568,0.227384981282264,10,0.1511,"(0.111, 0.192)",4.3008,"(3.152, 5.456)",0.4312,10.03
5,LogReg L2,3102,109,0.8099132082277704,0.7718954862838855,0.849543897195119,0.1781253964690865,0.12160491033162271,0.24664075410970465,10,0.1447,"(0.108, 0.185)",4.1178,"(3.082, 5.274)",0.4128,10.03
